source,slug,format,width,height,mode,output_path
"0-Vail Mountain Winter Geography.pdf",0-vail-mountain-winter-geography,instagram_portrait,1080,1350,crop,"/Users/michaelfloyd/codexrepo/brokenarrow/social_media_exports_2026-04-20/0-vail-mountain-winter-geography/0-vail-mountain-winter-geography_instagram_portrait_1080x1350.jpg"
"0-Vail Mountain Winter Geography.pdf",0-vail-mountain-winter-geography,instagram_square,1080,1080,crop,"/Users/michaelfloyd/codexrepo/brokenarrow/social_media_exports_2026-04-20/0-vail-mountain-winter-geography/0-vail-mountain-winter-geography_instagram_square_1080x1080.jpg"
"0-Vail Mountain Winter Geography.pdf",0-vail-mountain-winter-geography,story,1080,1920,pad,"/Users/michaelfloyd/codexrepo/brokenarrow/social_media_exports_2026-04-20/0-vail-mountain-winter-geography/0-vail-mountain-winter-geography_story_1080x1920.jpg"
"0-Vail Mountain Winter Geography.pdf",0-vail-mountain-winter-geography,x_landscape,1600,900,crop,"/Users/michaelfloyd/codexrepo/brokenarrow/social_media_exports_2026-04-20/0-vail-mountain-winter-geography/0-vail-mountain-winter-geography_x_landscape_1600x900.jpg"
"1-High Parks of Colorado.pdf",1-high-parks-of-colorado,instagram_portrait,1080,1350,crop,"/Users/michaelfloyd/codexrepo/brokenarrow/social_media_exports_2026-04-20/1-high-parks-of-colorado/1-high-parks-of-colorado_instagram_portrait_1080x1350.jpg"
"1-High Parks of Colorado.pdf",1-high-parks-of-colorado,instagram_square,1080,1080,crop,"/Users/michaelfloyd/codexrepo/brokenarrow/social_media_exports_2026-04-20/1-high-parks-of-colorado/1-high-parks-of-colorado_instagram_square_1080x1080.jpg"
"1-High Parks of Colorado.pdf",1-high-parks-of-colorado,story,1080,1920,pad,"/Users/michaelfloyd/codexrepo/brokenarrow/social_media_exports_2026-04-20/1-high-parks-of-colorado/1-high-parks-of-colorado_story_1080x1920.jpg"
"1-High Parks of Colorado.pdf",1-high-parks-of-colorado,x_landscape,1600,900,crop,"/Users/michaelfloyd/codexrepo/brokenarrow/social_media_exports_2026-04-20/1-high-parks-of-colorado/1-high-parks-of-colorado_x_landscape_1600x900.jpg"
"2-Tomichi.pdf",2-tomichi,instagram_portrait,1080,1350,crop,"/Users/michaelfloyd/codexrepo/brokenarrow/social_media_exports_2026-04-20/2-tomichi/2-tomichi_instagram_portrait_1080x1350.jpg"
"2-Tomichi.pdf",2-tomichi,instagram_square,1080,1080,crop,"/Users/michaelfloyd/codexrepo/brokenarrow/social_media_exports_2026-04-20/2-tomichi/2-tomichi_instagram_square_1080x1080.jpg"
"2-Tomichi.pdf",2-tomichi,story,1080,1920,pad,"/Users/michaelfloyd/codexrepo/brokenarrow/social_media_exports_2026-04-20/2-tomichi/2-tomichi_story_1080x1920.jpg"
"2-Tomichi.pdf",2-tomichi,x_landscape,1600,900,crop,"/Users/michaelfloyd/codexrepo/brokenarrow/social_media_exports_2026-04-20/2-tomichi/2-tomichi_x_landscape_1600x900.jpg"
"3-Minturn_Gold.pdf",3-minturn-gold,instagram_portrait,1080,1350,crop,"/Users/michaelfloyd/codexrepo/brokenarrow/social_media_exports_2026-04-20/3-minturn-gold/3-minturn-gold_instagram_portrait_1080x1350.jpg"
"3-Minturn_Gold.pdf",3-minturn-gold,instagram_square,1080,1080,crop,"/Users/michaelfloyd/codexrepo/brokenarrow/social_media_exports_2026-04-20/3-minturn-gold/3-minturn-gold_instagram_square_1080x1080.jpg"
"3-Minturn_Gold.pdf",3-minturn-gold,story,1080,1920,pad,"/Users/michaelfloyd/codexrepo/brokenarrow/social_media_exports_2026-04-20/3-minturn-gold/3-minturn-gold_story_1080x1920.jpg"
"3-Minturn_Gold.pdf",3-minturn-gold,x_landscape,1600,900,crop,"/Users/michaelfloyd/codexrepo/brokenarrow/social_media_exports_2026-04-20/3-minturn-gold/3-minturn-gold_x_landscape_1600x900.jpg"
"4-Vail_hachures.pdf",4-vail-hachures,instagram_portrait,1080,1350,crop,"/Users/michaelfloyd/codexrepo/brokenarrow/social_media_exports_2026-04-20/4-vail-hachures/4-vail-hachures_instagram_portrait_1080x1350.jpg"
"4-Vail_hachures.pdf",4-vail-hachures,instagram_square,1080,1080,crop,"/Users/michaelfloyd/codexrepo/brokenarrow/social_media_exports_2026-04-20/4-vail-hachures/4-vail-hachures_instagram_square_1080x1080.jpg"
"4-Vail_hachures.pdf",4-vail-hachures,story,1080,1920,pad,"/Users/michaelfloyd/codexrepo/brokenarrow/social_media_exports_2026-04-20/4-vail-hachures/4-vail-hachures_story_1080x1920.jpg"
"4-Vail_hachures.pdf",4-vail-hachures,x_landscape,1600,900,crop,"/Users/michaelfloyd/codexrepo/brokenarrow/social_media_exports_2026-04-20/4-vail-hachures/4-vail-hachures_x_landscape_1600x900.jpg"
"6-DenvertotheGulf.pdf",6-denvertothegulf,instagram_portrait,1080,1350,crop,"/Users/michaelfloyd/codexrepo/brokenarrow/social_media_exports_2026-04-20/6-denvertothegulf/6-denvertothegulf_instagram_portrait_1080x1350.jpg"
"6-DenvertotheGulf.pdf",6-denvertothegulf,instagram_square,1080,1080,crop,"/Users/michaelfloyd/codexrepo/brokenarrow/social_media_exports_2026-04-20/6-denvertothegulf/6-denvertothegulf_instagram_square_1080x1080.jpg"
"6-DenvertotheGulf.pdf",6-denvertothegulf,story,1080,1920,pad,"/Users/michaelfloyd/codexrepo/brokenarrow/social_media_exports_2026-04-20/6-denvertothegulf/6-denvertothegulf_story_1080x1920.jpg"
"6-DenvertotheGulf.pdf",6-denvertothegulf,x_landscape,1600,900,crop,"/Users/michaelfloyd/codexrepo/brokenarrow/social_media_exports_2026-04-20/6-denvertothegulf/6-denvertothegulf_x_landscape_1600x900.jpg"
"7-Vail80sMap.pdf",7-vail80smap,instagram_portrait,1080,1350,crop,"/Users/michaelfloyd/codexrepo/brokenarrow/social_media_exports_2026-04-20/7-vail80smap/7-vail80smap_instagram_portrait_1080x1350.jpg"
"7-Vail80sMap.pdf",7-vail80smap,instagram_square,1080,1080,crop,"/Users/michaelfloyd/codexrepo/brokenarrow/social_media_exports_2026-04-20/7-vail80smap/7-vail80smap_instagram_square_1080x1080.jpg"
"7-Vail80sMap.pdf",7-vail80smap,story,1080,1920,pad,"/Users/michaelfloyd/codexrepo/brokenarrow/social_media_exports_2026-04-20/7-vail80smap/7-vail80smap_story_1080x1920.jpg"
"7-Vail80sMap.pdf",7-vail80smap,x_landscape,1600,900,crop,"/Users/michaelfloyd/codexrepo/brokenarrow/social_media_exports_2026-04-20/7-vail80smap/7-vail80smap_x_landscape_1600x900.jpg"
"GoreRange.pdf",gorerange,instagram_portrait,1080,1350,crop,"/Users/michaelfloyd/codexrepo/brokenarrow/social_media_exports_2026-04-20/gorerange/gorerange_instagram_portrait_1080x1350.jpg"
"GoreRange.pdf",gorerange,instagram_square,1080,1080,crop,"/Users/michaelfloyd/codexrepo/brokenarrow/social_media_exports_2026-04-20/gorerange/gorerange_instagram_square_1080x1080.jpg"
"GoreRange.pdf",gorerange,story,1080,1920,pad,"/Users/michaelfloyd/codexrepo/brokenarrow/social_media_exports_2026-04-20/gorerange/gorerange_story_1080x1920.jpg"
"GoreRange.pdf",gorerange,x_landscape,1600,900,crop,"/Users/michaelfloyd/codexrepo/brokenarrow/social_media_exports_2026-04-20/gorerange/gorerange_x_landscape_1600x900.jpg"
"Western_US.png",western-us,instagram_portrait,1080,1350,crop,"/Users/michaelfloyd/codexrepo/brokenarrow/social_media_exports_2026-04-20/western-us/western-us_instagram_portrait_1080x1350.jpg"
"Western_US.png",western-us,instagram_square,1080,1080,crop,"/Users/michaelfloyd/codexrepo/brokenarrow/social_media_exports_2026-04-20/western-us/western-us_instagram_square_1080x1080.jpg"
"Western_US.png",western-us,story,1080,1920,pad,"/Users/michaelfloyd/codexrepo/brokenarrow/social_media_exports_2026-04-20/western-us/western-us_story_1080x1920.jpg"
"Western_US.png",western-us,x_landscape,1600,900,crop,"/Users/michaelfloyd/codexrepo/brokenarrow/social_media_exports_2026-04-20/western-us/western-us_x_landscape_1600x900.jpg"
"Red – USGS_13_n40w107_20220216 cropped.png",red-usgs-13-n40w107-20220216-cropped,instagram_portrait,1080,1350,crop,"/Users/michaelfloyd/codexrepo/brokenarrow/social_media_exports_2026-04-20/red-usgs-13-n40w107-20220216-cropped/red-usgs-13-n40w107-20220216-cropped_instagram_portrait_1080x1350.jpg"
"Red – USGS_13_n40w107_20220216 cropped.png",red-usgs-13-n40w107-20220216-cropped,instagram_square,1080,1080,crop,"/Users/michaelfloyd/codexrepo/brokenarrow/social_media_exports_2026-04-20/red-usgs-13-n40w107-20220216-cropped/red-usgs-13-n40w107-20220216-cropped_instagram_square_1080x1080.jpg"
"Red – USGS_13_n40w107_20220216 cropped.png",red-usgs-13-n40w107-20220216-cropped,story,1080,1920,pad,"/Users/michaelfloyd/codexrepo/brokenarrow/social_media_exports_2026-04-20/red-usgs-13-n40w107-20220216-cropped/red-usgs-13-n40w107-20220216-cropped_story_1080x1920.jpg"
"Red – USGS_13_n40w107_20220216 cropped.png",red-usgs-13-n40w107-20220216-cropped,x_landscape,1600,900,crop,"/Users/michaelfloyd/codexrepo/brokenarrow/social_media_exports_2026-04-20/red-usgs-13-n40w107-20220216-cropped/red-usgs-13-n40w107-20220216-cropped_x_landscape_1600x900.jpg"
"Blue – USGS_13_n40w107_20220216 cropped.png",blue-usgs-13-n40w107-20220216-cropped,instagram_portrait,1080,1350,crop,"/Users/michaelfloyd/codexrepo/brokenarrow/social_media_exports_2026-04-20/blue-usgs-13-n40w107-20220216-cropped/blue-usgs-13-n40w107-20220216-cropped_instagram_portrait_1080x1350.jpg"
"Blue – USGS_13_n40w107_20220216 cropped.png",blue-usgs-13-n40w107-20220216-cropped,instagram_square,1080,1080,crop,"/Users/michaelfloyd/codexrepo/brokenarrow/social_media_exports_2026-04-20/blue-usgs-13-n40w107-20220216-cropped/blue-usgs-13-n40w107-20220216-cropped_instagram_square_1080x1080.jpg"
"Blue – USGS_13_n40w107_20220216 cropped.png",blue-usgs-13-n40w107-20220216-cropped,story,1080,1920,pad,"/Users/michaelfloyd/codexrepo/brokenarrow/social_media_exports_2026-04-20/blue-usgs-13-n40w107-20220216-cropped/blue-usgs-13-n40w107-20220216-cropped_story_1080x1920.jpg"
"Blue – USGS_13_n40w107_20220216 cropped.png",blue-usgs-13-n40w107-20220216-cropped,x_landscape,1600,900,crop,"/Users/michaelfloyd/codexrepo/brokenarrow/social_media_exports_2026-04-20/blue-usgs-13-n40w107-20220216-cropped/blue-usgs-13-n40w107-20220216-cropped_x_landscape_1600x900.jpg"
"Grey – USGS_13_n40w107_20220216 cropped.png",grey-usgs-13-n40w107-20220216-cropped,instagram_portrait,1080,1350,crop,"/Users/michaelfloyd/codexrepo/brokenarrow/social_media_exports_2026-04-20/grey-usgs-13-n40w107-20220216-cropped/grey-usgs-13-n40w107-20220216-cropped_instagram_portrait_1080x1350.jpg"
"Grey – USGS_13_n40w107_20220216 cropped.png",grey-usgs-13-n40w107-20220216-cropped,instagram_square,1080,1080,crop,"/Users/michaelfloyd/codexrepo/brokenarrow/social_media_exports_2026-04-20/grey-usgs-13-n40w107-20220216-cropped/grey-usgs-13-n40w107-20220216-cropped_instagram_square_1080x1080.jpg"
"Grey – USGS_13_n40w107_20220216 cropped.png",grey-usgs-13-n40w107-20220216-cropped,story,1080,1920,pad,"/Users/michaelfloyd/codexrepo/brokenarrow/social_media_exports_2026-04-20/grey-usgs-13-n40w107-20220216-cropped/grey-usgs-13-n40w107-20220216-cropped_story_1080x1920.jpg"
"Grey – USGS_13_n40w107_20220216 cropped.png",grey-usgs-13-n40w107-20220216-cropped,x_landscape,1600,900,crop,"/Users/michaelfloyd/codexrepo/brokenarrow/social_media_exports_2026-04-20/grey-usgs-13-n40w107-20220216-cropped/grey-usgs-13-n40w107-20220216-cropped_x_landscape_1600x900.jpg"
